Department,SheetNo.,SheetName,ActionType,Item Code,Item Name,Upload date,Trans.Status,PersonalName,Trans.Date,Trans.Time,Scanned,Deletion,Deletion date
NonPharma,4510084570,TOMMEE NEW ITEMS,New,5010415212245,TOMMEE TIP.FAST FLOW TEATS(6M+)2PCS,04/10/2026 12:33:11,,,,,,,
NonPharma,4510084570,TOMMEE NEW ITEMS,New,5010415221421,TOMMEE TIP.N.STA.THI.FEED TEATS(6M+)2PCS,04/10/2026 12:33:11,,,,,,,
NonPharma,4510084570,TOMMEE NEW ITEMS,New,5010415224057,TOMMEE TIP.ADVANCED A.COLIC(0M+)BOT.150M,04/10/2026 12:33:11,,,,,,,
NonPharma,4510084570,TOMMEE NEW ITEMS,New,5010415225696,TOMMEE TIP.ADVANCED A.COLIC(0M+)BOT.260M,04/10/2026 12:33:11,,,,,,,
NonPharma,4510084570,TOMMEE NEW ITEMS,New,5010415228710,TOMMEE TIP.NAT.STA.A.COLIC (0M+)BOT.260M,04/10/2026 12:33:11,,,,,,,
NonPharma,4510084570,TOMMEE NEW ITEMS,New,5010415334367,TOMMEE TIP.MODA ORTHO.SOOTH.18-36M 2PCS,04/10/2026 12:33:11,,,,,,,
NonPharma,4510084570,TOMMEE NEW ITEMS,New,5010415334862,TOMMEE TIP.AN.TIME ORTH.SOOTH.18-36M2PCS,04/10/2026 12:33:11,,,,,,,
NonPharma,4510084570,TOMMEE NEW ITEMS,New,5010415335944,TOMMEE TIP.U.L.ORTH.SILIC.SOOTH 0-6M2PCS,04/10/2026 12:33:11,,,,,,,
NonPharma,4510084570,TOMMEE NEW ITEMS,New,5010415336491,TOMMEE TIP ORTH.SIL.SOOTH 0-6M BLUE 2PCS,04/10/2026 12:33:11,,,,,,,
NonPharma,4510084570,TOMMEE NEW ITEMS,New,5010415336507,TOMMEE TIP.ORTH.SIL.SOOTH 0-6M PINC 2PCS,04/10/2026 12:33:11,,,,,,,
NonPharma,4510084570,TOMMEE NEW ITEMS,New,5010415336514,TOMMEE TIP.U.FIT OR.SILI.SOOTH 6-18M2PCS,04/10/2026 12:33:11,,,,,,,
NonPharma,4510084570,TOMMEE NEW ITEMS,New,5010415336606,TOMMEE TIP.NEW.ORTH.SILIC.SOOTH.0-2M2PCS,04/10/2026 12:33:11,,,,,,,
NonPharma,4510084570,TOMMEE NEW ITEMS,New,5010415478023,TOMMEE TIP.ACTIVE STRAW CUP (12M+) 266M,04/10/2026 12:33:11,,,,,,,
NonPharma,4510084570,TOMMEE NEW ITEMS,New,5010415478030,TOMMEE TIP.STARTER SPOUT CUP (4M+) 150ML,04/10/2026 12:33:11,,,,,,,
NonPharma,4510084570,TOMMEE NEW ITEMS,New,5010415478047,TOMMEE TIP.TODDLER SIPPER CUP (12M+)390M,04/10/2026 12:33:11,,,,,,,
NonPharma,4510084570,TOMMEE NEW ITEMS,New,5010415478054,TOMMEE TIP.TRAINER STRAW CUP (6M+) 240M,04/10/2026 12:33:11,,,,,,,
NonPharma,4510084570,TOMMEE NEW ITEMS,New,5010415479624,TOMMEE TIP.FIRST SIPPER CUP(4M+) 190ML,04/10/2026 12:33:11,,,,,,,
