Department,SheetNo.,SheetName,ActionType,Item Code,Item Name,Upload date,Trans.Status,PersonalName,Trans.Date,Trans.Time,Deletion,Deletion date
NonPharma,NVlbGp3Yfg,مشاكل اماكن وسيطة,Edit,2700770,IU 2012 RIBBON (R504),,Done,10000522,14/09/2026,18:33:54,OK,2026-09-22 15:32:35
NonPharma,NVlbGp3Yfg,مشاكل اماكن وسيطة,Edit,2706853,MELATEX R.ON DEO.(ROSE+ORIGNAL)40M2+2@#,,Done,10000522,14/09/2026,18:33:54,OK,2026-09-22 15:32:35
NonPharma,NVlbGp3Yfg,مشاكل اماكن وسيطة,Edit,2708769,STARVILLE WH.(CLEN.200+R.ON 60+GEL 60)@,,Done,10000522,14/09/2026,18:33:54,OK,2026-09-22 15:32:35
NonPharma,NVlbGp3Yfg,مشاكل اماكن وسيطة,Edit,3201025,NESTOGEN (1) 400GM MILK POWD.+,,Done,10000522,14/09/2026,18:33:54,OK,2026-09-22 15:32:35
NonPharma,NVlbGp3Yfg,مشاكل اماكن وسيطة,Edit,3203267,JOY DROPS (LUBRICANT)CHERRY 100M LIQ.+▓,,Done,10000522,14/09/2026,18:33:54,OK,2026-09-22 15:32:35
NonPharma,NVlbGp3Yfg,مشاكل اماكن وسيطة,Edit,3205989,NOVEX CALAMINE(SOOTH.MOIST)100ML LOTION▓,,Done,10000522,14/09/2026,18:33:54,OK,2026-09-22 15:32:35
NonPharma,NVlbGp3Yfg,مشاكل اماكن وسيطة,Edit,3205990,GOLD T (IUD) LOOP+▓,,Done,10000522,14/09/2026,18:33:54,OK,2026-09-22 15:32:35
NonPharma,NVlbGp3Yfg,مشاكل اماكن وسيطة,Edit,3208794,LUBREX FEEL MANGO LUBRICANT 100GM GEL▓,,Done,10000522,14/09/2026,18:33:54,OK,2026-09-22 15:32:35
NonPharma,NVlbGp3Yfg,مشاكل اماكن وسيطة,Edit,3209566,SEKEM COLLAGED (10GM/SAC)ORANGE 10/SACH▓,,Done,10000522,14/09/2026,18:33:54,OK,2026-09-22 15:32:35
NonPharma,NVlbGp3Yfg,مشاكل اماكن وسيطة,Edit,3210449,MAZORASLIM STEVIA Z.C.SW(1G/SAC)50/SACH▓,,Done,10000522,14/09/2026,18:33:54,OK,2026-09-22 15:32:35
NonPharma,NVlbGp3Yfg,مشاكل اماكن وسيطة,Edit,3210749,LIMITLESS ALPHA WHEY PRO.CONC.STRAW.1KG▓,,Done,10000522,14/09/2026,18:33:54,OK,2026-09-22 15:32:35
NonPharma,NVlbGp3Yfg,مشاكل اماكن وسيطة,Edit,3210769,LIMITLESS ALPHA WHEY PRO.ISO.BANANA 2KG▓,,Done,10000522,14/09/2026,18:33:54,OK,2026-09-22 15:32:35
NonPharma,NVlbGp3Yfg,مشاكل اماكن وسيطة,Edit,3211973,RENU 120ML LENSES SOLU.+(270LE)@,,Done,10000522,14/09/2026,18:33:54,OK,2026-09-22 15:32:35
NonPharma,NVlbGp3Yfg,مشاكل اماكن وسيطة,Edit,3702569,SQUARE BACK SUPPORT CUSHION▓,,Done,10000522,14/09/2026,18:33:54,OK,2026-09-22 15:32:35
NonPharma,NVlbGp3Yfg,مشاكل اماكن وسيطة,Edit,3702789,MEDICOM FEEDING BAG1200M ENTER(L)523331▓,,Done,10000522,14/09/2026,18:33:54,OK,2026-09-22 15:32:35
NonPharma,NVlbGp3Yfg,مشاكل اماكن وسيطة,Edit,3703129,PHARMATULL PARAF.GAUZE DRES.10X10CM1PCS▓,,Done,10000522,14/09/2026,18:33:54,OK,2026-09-22 15:32:35
NonPharma,NVlbGp3Yfg,مشاكل اماكن وسيطة,Edit,79400352934,DOVE AD.CA.BEA.FINISH 72H DEO.STICK 74G!,,Done,10000522,14/09/2026,18:33:54,OK,2026-09-22 15:32:35
NonPharma,NVlbGp3Yfg,مشاكل اماكن وسيطة,Edit,196007699949,COMFY FOAM OFFICE&CAR SEAT B.SUPPORT\PL▓,,Done,10000522,14/09/2026,18:33:54,OK,2026-09-22 15:32:35
NonPharma,NVlbGp3Yfg,مشاكل اماكن وسيطة,Edit,762497127690,RESELIENCE GOLD COND.F/DRY&DAMA.HR 300M,,Done,10000522,14/09/2026,18:33:54,OK,2026-09-22 15:32:35
NonPharma,NVlbGp3Yfg,مشاكل اماكن وسيطة,Edit,3014260101299,ORAL B C.CROSS MAX GUM CARE EX.SOFT 2PCS,,Done,10000522,14/09/2026,18:33:54,OK,2026-09-22 15:32:35
NonPharma,NVlbGp3Yfg,مشاكل اماكن وسيطة,Edit,3504105037864,MUSTELA CLEANSING WIPES 60PCS,,Done,10000522,14/09/2026,18:33:54,OK,2026-09-22 15:32:35
NonPharma,NVlbGp3Yfg,مشاكل اماكن وسيطة,Edit,3662361003594,SEBIACLEAR HYDRA A.MARK REPAIR.MOIST.40M,,Done,10000522,14/09/2026,18:33:54,OK,2026-09-22 15:32:35
NonPharma,NVlbGp3Yfg,مشاكل اماكن وسيطة,Edit,4001669418188,RITEX FEELING CONDOMS 8/PCS▓,,Done,10000522,14/09/2026,18:33:54,OK,2026-09-22 15:32:35
NonPharma,NVlbGp3Yfg,مشاكل اماكن وسيطة,Edit,4006293050346,CREDO FILING RASP FLAT R.ST.STEEL/03510#,,Done,10000522,14/09/2026,18:33:54,OK,2026-09-22 15:32:35
NonPharma,NVlbGp3Yfg,مشاكل اماكن وسيطة,Edit,4211125651893,BEURER ARM B.PR.MON.W/CUFF(LIMITED)BM27▓,,Done,10000522,14/09/2026,18:33:54,OK,2026-09-22 15:32:35
NonPharma,NVlbGp3Yfg,مشاكل اماكن وسيطة,Edit,4897110031323,KARSEELL M.P.A.HR LOSS SHAMP.500M,,Done,10000522,14/09/2026,18:33:54,OK,2026-09-22 15:32:35
NonPharma,NVlbGp3Yfg,مشاكل اماكن وسيطة,Edit,4897110031330,KARSEELL M.P.A.HR LOSS COND.500M,,Done,10000522,14/09/2026,18:33:54,OK,2026-09-22 15:32:35
NonPharma,NVlbGp3Yfg,مشاكل اماكن وسيطة,Edit,5201263838606,SANI SENS.UNSC.BEDPADS MAXI (90X60CM)30P,,Done,10000522,14/09/2026,18:33:54,OK,2026-09-22 15:32:35
NonPharma,NVlbGp3Yfg,مشاكل اماكن وسيطة,Edit,6221155135186,DOVE INTENSIVE REPAI.SHAMP.350M D.15LE@#,,Done,10000522,14/09/2026,18:33:54,OK,2026-09-22 15:32:35
NonPharma,NVlbGp3Yfg,مشاكل اماكن وسيطة,Edit,6221155215604,LUX SOFT ROSE 2X MOIST.B.WASH 500M 10%@,,Done,10000522,14/09/2026,18:33:54,OK,2026-09-22 15:32:35
NonPharma,NVlbGp3Yfg,مشاكل اماكن وسيطة,Edit,6221155609649,LUX ROMANT.HIBISCUS 30H B.WASH 250M 15%@,,Done,10000522,14/09/2026,18:33:54,OK,2026-09-22 15:32:35
NonPharma,NVlbGp3Yfg,مشاكل اماكن وسيطة,Edit,6222004198383,MIGOS SUPER LOOFAH BODY&BACK /41219#,,Done,10000522,14/09/2026,18:33:54,OK,2026-09-22 15:32:35
NonPharma,NVlbGp3Yfg,مشاكل اماكن وسيطة,Edit,6222004199854,MIGOS SUPER LOOFAH BODY&BACK /41173@#,,Done,10000522,14/09/2026,18:33:54,OK,2026-09-22 15:32:35
NonPharma,NVlbGp3Yfg,مشاكل اماكن وسيطة,Edit,6222022110671,PRIVATE EXTRA THIN NIGHT W/WINGS 14PCS@,,Done,10000522,14/09/2026,18:33:54,OK,2026-09-22 15:32:35
NonPharma,NVlbGp3Yfg,مشاكل اماكن وسيطة,Edit,6222022114099,PRIVATE MAXI POCKE.NIGHT WINGS 48PC 30%@,,Done,10000522,14/09/2026,18:33:54,OK,2026-09-22 15:32:35
NonPharma,NVlbGp3Yfg,مشاكل اماكن وسيطة,Edit,6223004371684,EGYPTIAN TRE.CASTOR OIL COND.BAR 100G#,,Done,10000522,14/09/2026,18:33:54,OK,2026-09-22 15:32:35
NonPharma,NVlbGp3Yfg,مشاكل اماكن وسيطة,Edit,6223004371745,EGYPTIAN TRE.HIBISCUS EXT.SHAMP.BAR100G#,,Done,10000522,14/09/2026,18:33:54,OK,2026-09-22 15:32:35
NonPharma,NVlbGp3Yfg,مشاكل اماكن وسيطة,Edit,6223004791796,SOFY SOFT&LUM.F.MUSK MAXI TH.EX.LONG14P,,Done,10000522,14/09/2026,18:33:54,OK,2026-09-22 15:32:35
NonPharma,NVlbGp3Yfg,مشاكل اماكن وسيطة,Edit,6223009500027,YARA REPAIRING HAIR SERUM F/A.TYPE 150M,,Done,10000522,14/09/2026,18:33:54,OK,2026-09-22 15:32:35
NonPharma,NVlbGp3Yfg,مشاكل اماكن وسيطة,Edit,6224000851453,VATIKA ALMOND&HONEY MOIST.TREA.COND.360M,,Done,10000522,14/09/2026,18:33:54,OK,2026-09-22 15:32:35
NonPharma,NVlbGp3Yfg,مشاكل اماكن وسيطة,Edit,6224001455674,VACATION COPPER PEPTIDE SERUM 10% 30M,,Done,10000522,14/09/2026,18:33:54,OK,2026-09-22 15:32:35
NonPharma,NVlbGp3Yfg,مشاكل اماكن وسيطة,Edit,6224001714221,KOLAGRA MKAEUP PERFEC.CONCEAL.MEDIUM10M,,Done,10000522,14/09/2026,18:33:54,OK,2026-09-22 15:32:35
NonPharma,NVlbGp3Yfg,مشاكل اماكن وسيطة,Edit,6224003260214,EVER YOUTH A.DAND SHAMP.200M,,Done,10000522,14/09/2026,18:33:54,OK,2026-09-22 15:32:35
NonPharma,NVlbGp3Yfg,مشاكل اماكن وسيطة,Edit,6224003275089,DENTI VIVE WOODEN TOOTH STICKS 250PCS,,Done,10000522,14/09/2026,18:33:54,OK,2026-09-22 15:32:35
NonPharma,NVlbGp3Yfg,مشاكل اماكن وسيطة,Edit,6224003275461,JOYREX (STRAWBERRY) MOIST.GEL 75ML2PCS@▓,,Done,10000522,14/09/2026,18:33:54,OK,2026-09-22 15:32:35
NonPharma,NVlbGp3Yfg,مشاكل اماكن وسيطة,Edit,6224008073031,BOBAI SUNSCREE.SPF(80)TINTED CR 75/60GM#,,Done,10000522,14/09/2026,18:33:54,OK,2026-09-22 15:32:35
NonPharma,NVlbGp3Yfg,مشاكل اماكن وسيطة,Edit,6224008762102,YOLO N.POLISH 10M/196,,Done,10000522,14/09/2026,18:33:54,OK,2026-09-22 15:32:35
NonPharma,NVlbGp3Yfg,مشاكل اماكن وسيطة,Edit,6224008762386,YOLO N.POLISH 10M/223,,Done,10000522,14/09/2026,18:33:54,OK,2026-09-22 15:32:35
NonPharma,NVlbGp3Yfg,مشاكل اماكن وسيطة,Edit,6224008838760,OXYGEN O-KERATIN FORTIFYING NAIL CR 20M,,Done,10000522,14/09/2026,18:33:54,OK,2026-09-22 15:32:35
NonPharma,NVlbGp3Yfg,مشاكل اماكن وسيطة,Edit,6224009338399,ELLE NAIL POLISH 14M/708,,Done,10000522,14/09/2026,18:33:54,OK,2026-09-22 15:32:35
NonPharma,NVlbGp3Yfg,مشاكل اماكن وسيطة,Edit,6224010497924,ALEJON A.DAND.LOT.150M,,Done,10000522,14/09/2026,18:33:54,OK,2026-09-22 15:32:35
NonPharma,NVlbGp3Yfg,مشاكل اماكن وسيطة,Edit,6225000561915,TRUFFLES EXTRA NATURAL HR SHAMP.380M,,Done,10000522,14/09/2026,18:33:54,OK,2026-09-22 15:32:35
NonPharma,NVlbGp3Yfg,مشاكل اماكن وسيطة,Edit,6225000561977,TRUFFLES MON BLEU A.DAND.SHAMP.200M,,Done,10000522,14/09/2026,18:33:54,OK,2026-09-22 15:32:35
NonPharma,NVlbGp3Yfg,مشاكل اماكن وسيطة,Edit,6225000659162,SKINISTA HYDR.BOOST F/VER.DRY SK CR100G#,,Done,10000522,14/09/2026,18:33:54,OK,2026-09-22 15:32:35
NonPharma,NVlbGp3Yfg,مشاكل اماكن وسيطة,Edit,6251001239133,FINE CARE ADULT DIAPER(L)(110-156)CM36P#,,Done,10000522,14/09/2026,18:33:54,OK,2026-09-22 15:32:35
NonPharma,NVlbGp3Yfg,مشاكل اماكن وسيطة,Edit,6281006602755,TRESEMME PRO CURLS HR COND.250M#,,Done,10000522,14/09/2026,18:33:54,OK,2026-09-22 15:32:35
NonPharma,NVlbGp3Yfg,مشاكل اماكن وسيطة,Edit,6291108642528,CLOUD WOODY CLOUD HR&B.MIST 250M,,Done,10000522,14/09/2026,18:33:54,OK,2026-09-22 15:32:35
NonPharma,NVlbGp3Yfg,مشاكل اماكن وسيطة,Edit,6294008903935,FULLA FLORAL GIRL PERFUM.F/GIRL30M+GIFT#,,Done,10000522,14/09/2026,18:33:54,OK,2026-09-22 15:32:35
NonPharma,NVlbGp3Yfg,مشاكل اماكن وسيطة,Edit,6624000807076,TELOFILL MICELLAR WATER CLEAN.SK.250M#,,Done,10000522,14/09/2026,18:33:54,OK,2026-09-22 15:32:35
NonPharma,NVlbGp3Yfg,مشاكل اماكن وسيطة,Edit,6772304518065,BUBBLES NATURAL BOTTLE W.HAND(4)M 150M,,Done,10000522,14/09/2026,18:33:54,OK,2026-09-22 15:32:35
NonPharma,NVlbGp3Yfg,مشاكل اماكن وسيطة,Edit,6805699997341,SENSODYNE HERBAL FRESH T.PASTE 75M#,,Done,10000522,14/09/2026,18:33:54,OK,2026-09-22 15:32:35
NonPharma,NVlbGp3Yfg,مشاكل اماكن وسيطة,Edit,6941607307564,UNDERWATER ADHESIVE REPAIR PATCH/62091,,Done,10000522,14/09/2026,18:33:54,OK,2026-09-22 15:32:35
NonPharma,NVlbGp3Yfg,مشاكل اماكن وسيطة,Edit,6942138919356,P.E.HYDRO SWIM BUD.FISH SWIM CAP/26025™,,Done,10000522,14/09/2026,18:33:54,OK,2026-09-22 15:32:35
NonPharma,NVlbGp3Yfg,مشاكل اماكن وسيطة,Edit,8001090153296,PANTENE PRO-V MOIST.RENEW.OIL REPLA.275M,,Done,10000522,14/09/2026,18:33:54,OK,2026-09-22 15:32:35
NonPharma,NVlbGp3Yfg,مشاكل اماكن وسيطة,Edit,8809052588519,PUREDERM EXFOLIA.FOOT MASK 1PAIR/ADS353!,,Done,10000522,14/09/2026,18:33:54,OK,2026-09-22 15:32:35
NonPharma,NVlbGp3Yfg,مشاكل اماكن وسيطة,Edit,8904117400314,TULIPS COTTON SWABS 100PCS,,Done,10000522,14/09/2026,18:33:54,OK,2026-09-22 15:32:35
NonPharma,OLPLuiyuNx,اصناف بدون جروب وتسكين طلبيات اليوم,Edit,5281018719107,BEESLINE(F.FREE+I.WHITE)DEO R.ON 50M1+1@,,Done,OS000001,16.09.2026,13:19:00,OK,
NonPharma,OLPLuiyuNx,اصناف بدون جروب وتسكين طلبيات اليوم,Edit,3206285,PURITANS P.L-ARGININE 1000MG 100/CAP+▓,,Done,OS000001,16.09.2026,13:19:00,OK,
NonPharma,OLPLuiyuNx,اصناف بدون جروب وتسكين طلبيات اليوم,Edit,3701129800850,BIODERMA SENS.MOUS.MIC.CLEAN.FOA.GEL100M,,Done,OS000001,16.09.2026,13:19:00,OK,
NonPharma,OLPLuiyuNx,اصناف بدون جروب وتسكين طلبيات اليوم,Edit,800307854531,KINETICS SOLARGEL NAIL POLISH/256,,Done,OS000001,16.09.2026,13:19:00,OK,
NonPharma,OLPLuiyuNx,اصناف بدون جروب وتسكين طلبيات اليوم,Edit,3574661680729,OGX COLOUR RETENTION COND.385M,,Done,OS000001,16.09.2026,13:19:00,OK,
NonPharma,OLPLuiyuNx,اصناف بدون جروب وتسكين طلبيات اليوم,Edit,3574661680705,OGX COLOUR RETENTION SHAMP.385M,,Done,OS000001,16.09.2026,13:19:00,OK,
NonPharma,OLPLuiyuNx,اصناف بدون جروب وتسكين طلبيات اليوم,Edit,6221155091628,SIGNAL TRIPLE CLEAN T.BR.MEDIUM2PCS20%@#,,Done,OS000001,16.09.2026,13:19:00,OK,
NonPharma,OLPLuiyuNx,اصناف بدون جروب وتسكين طلبيات اليوم,Edit,6251001239157,FINE CARE INCONTINENCE(M)(75-110CM)40PC#,,Done,OS000001,16.09.2026,13:19:00,OK,
NonPharma,OLPLuiyuNx,اصناف بدون جروب وتسكين طلبيات اليوم,Edit,3702861,CANNULA 18G GREEN(VASOFIX B BRAUN)▓,,Done,OS000001,16.09.2026,13:19:00,OK,
NonPharma,OLPLuiyuNx,اصناف بدون جروب وتسكين طلبيات اليوم,Edit,79400352934,DOVE AD.CA.BEA.FINISH 72H DEO.STICK 74G!,,Done,OS000001,16.09.2026,13:19:00,OK,
NonPharma,OLPLuiyuNx,اصناف بدون جروب وتسكين طلبيات اليوم,Edit,8436562290191,ROOFA BLACK&WHITEHEADS REMOVER/019BC,,Done,OS000001,16.09.2026,13:19:00,OK,
NonPharma,OLPLuiyuNx,اصناف بدون جروب وتسكين طلبيات اليوم,Edit,370582,VENOSAN 7002 AD CCL2 XL▓,,Done,OS000001,16.09.2026,13:19:00,OK,
NonPharma,OLPLuiyuNx,اصناف بدون جروب وتسكين طلبيات اليوم,Edit,3702862,CANNULA 20G PINK(VASOFIX B BRAUN)▓,,Done,OS000001,16.09.2026,13:19:00,OK,
NonPharma,OLPLuiyuNx,اصناف بدون جروب وتسكين طلبيات اليوم,Edit,3701268,SOFT CARE ACT.GEL TOE SPREADER(M)GA9013▓,,Done,OS000001,16.09.2026,13:19:00,OK,
NonPharma,OLPLuiyuNx,اصناف بدون جروب وتسكين طلبيات اليوم,Edit,110,COTTON MEDICAL 100G,,Done,OS000001,16.09.2026,13:19:00,OK,
NonPharma,OLPLuiyuNx,اصناف بدون جروب وتسكين طلبيات اليوم,Edit,8022297059952,PRECIOUS NATURE P.PEAR&ORANG.SHAMP.250M#,,Done,OS000001,16.09.2026,13:19:00,OK,
NonPharma,OLPLuiyuNx,اصناف بدون جروب وتسكين طلبيات اليوم,Edit,3211030,HERO ORS 200M ORAL REH.SOLU.W/STRAWBE.+▓,,Done,OS000001,16.09.2026,13:19:00,OK,
NonPharma,OLPLuiyuNx,اصناف بدون جروب وتسكين طلبيات اليوم,Edit,2708615,CLARY PROC.(SHAMP.+COND.)300M@,,Done,OS000001,16.09.2026,13:19:00,OK,
NonPharma,OLPLuiyuNx,اصناف بدون جروب وتسكين طلبيات اليوم,Edit,281335,ISIS ANISE 12/FILTER▓,,Done,OS000001,16.09.2026,13:19:00,OK,
NonPharma,OLPLuiyuNx,اصناف بدون جروب وتسكين طلبيات اليوم,Edit,6225000413047,DERMABOND SUNCREA.SPF(50+) VIT C&E 75ML#,,Done,OS000001,16.09.2026,13:19:00,OK,
NonPharma,OLPLuiyuNx,اصناف بدون جروب وتسكين طلبيات اليوم,Edit,5903407226392,CANPOL SILICONE SOOTHER (0-6)M/22/639#,,Done,OS000001,16.09.2026,13:19:00,OK,
